trip_id,seat_type,seat_num,id
1,1,0,1
1,1,1,2
1,1,2,3
1,1,3,4
1,1,4,5
1,1,5,6
1,1,6,7
1,1,7,8
1,1,8,9
1,1,9,10
1,1,10,11
1,1,11,12
1,1,12,13
1,1,13,14
1,1,14,15
1,1,15,16
1,1,16,17
1,1,17,18
1,1,18,19
1,1,19,20
1,1,20,21
1,1,21,22
1,1,22,23
1,1,23,24
1,1,24,25
1,1,25,26
1,1,26,27
1,1,27,28
1,1,28,29
1,1,29,30
1,1,30,31
1,1,31,32
1,1,32,33
1,1,33,34
1,1,34,35
1,1,35,36
1,1,36,37
1,1,37,38
1,1,38,39
1,1,39,40
1,1,40,41
1,1,41,42
1,1,42,43
1,1,43,44
1,1,44,45
1,1,45,46
1,1,46,47
1,1,47,48
1,1,48,49
1,1,49,50
1,2,0,51
1,2,1,52
1,2,2,53
1,2,3,54
1,2,4,55
1,2,5,56
1,2,6,57
1,2,7,58
1,2,8,59
1,2,9,60
1,2,10,61
1,2,11,62
1,2,12,63
1,2,13,64
1,2,14,65
1,2,15,66
1,2,16,67
1,2,17,68
1,2,18,69
1,2,19,70
1,2,20,71
1,2,21,72
1,2,22,73
1,2,23,74
1,2,24,75
1,2,25,76
1,2,26,77
1,2,27,78
1,2,28,79
1,2,29,80
1,2,30,81
1,2,31,82
1,2,32,83
1,2,33,84
1,2,34,85
1,2,35,86
1,2,36,87
1,2,37,88
1,2,38,89
1,2,39,90
1,2,40,91
1,2,41,92
1,2,42,93
1,2,43,94
1,2,44,95
1,2,45,96
1,2,46,97
1,2,47,98
1,2,48,99
1,2,49,100
1,3,0,101
1,3,1,102
1,3,2,103
1,3,3,104
1,3,4,105
1,3,5,106
1,3,6,107
1,3,7,108
1,3,8,109
1,3,9,110
1,3,10,111
1,3,11,112
1,3,12,113
1,3,13,114
1,3,14,115
1,3,15,116
1,3,16,117
1,3,17,118
1,3,18,119
1,3,19,120
1,3,20,121
1,3,21,122
1,3,22,123
1,3,23,124
1,3,24,125
1,3,25,126
1,3,26,127
1,3,27,128
1,3,28,129
1,3,29,130
1,3,30,131
1,3,31,132
1,3,32,133
1,3,33,134
1,3,34,135
1,3,35,136
1,3,36,137
1,3,37,138
1,3,38,139
1,3,39,140
1,3,40,141
1,3,41,142
1,3,42,143
1,3,43,144
1,3,44,145
1,3,45,146
1,3,46,147
1,3,47,148
1,3,48,149
1,3,49,150
2,1,0,151
2,1,1,152
2,1,2,153
2,1,3,154
2,1,4,155
2,1,5,156
2,1,6,157
2,1,7,158
2,1,8,159
2,1,9,160
2,1,10,161
2,1,11,162
2,1,12,163
2,1,13,164
2,1,14,165
2,1,15,166
2,1,16,167
2,1,17,168
2,1,18,169
2,1,19,170
2,1,20,171
2,1,21,172
2,1,22,173
2,1,23,174
2,1,24,175
2,1,25,176
2,1,26,177
2,1,27,178
2,1,28,179
2,1,29,180
2,1,30,181
2,1,31,182
2,1,32,183
2,1,33,184
2,1,34,185
2,1,35,186
2,1,36,187
2,1,37,188
2,1,38,189
2,1,39,190
2,1,40,191
2,1,41,192
2,1,42,193
2,1,43,194
2,1,44,195
2,1,45,196
2,1,46,197
2,1,47,198
2,1,48,199
2,1,49,200
2,2,0,201
2,2,1,202
2,2,2,203
2,2,3,204
2,2,4,205
2,2,5,206
2,2,6,207
2,2,7,208
2,2,8,209
2,2,9,210
2,2,10,211
2,2,11,212
2,2,12,213
2,2,13,214
2,2,14,215
2,2,15,216
2,2,16,217
2,2,17,218
2,2,18,219
2,2,19,220
2,2,20,221
2,2,21,222
2,2,22,223
2,2,23,224
2,2,24,225
2,2,25,226
2,2,26,227
2,2,27,228
2,2,28,229
2,2,29,230
2,2,30,231
2,2,31,232
2,2,32,233
2,2,33,234
2,2,34,235
2,2,35,236
2,2,36,237
2,2,37,238
2,2,38,239
2,2,39,240
2,2,40,241
2,2,41,242
2,2,42,243
2,2,43,244
2,2,44,245
2,2,45,246
2,2,46,247
2,2,47,248
2,2,48,249
2,2,49,250
2,3,0,251
2,3,1,252
2,3,2,253
2,3,3,254
2,3,4,255
2,3,5,256
2,3,6,257
2,3,7,258
2,3,8,259
2,3,9,260
2,3,10,261
2,3,11,262
2,3,12,263
2,3,13,264
2,3,14,265
2,3,15,266
2,3,16,267
2,3,17,268
2,3,18,269
2,3,19,270
2,3,20,271
2,3,21,272
2,3,22,273
2,3,23,274
2,3,24,275
2,3,25,276
2,3,26,277
2,3,27,278
2,3,28,279
2,3,29,280
2,3,30,281
2,3,31,282
2,3,32,283
2,3,33,284
2,3,34,285
2,3,35,286
2,3,36,287
2,3,37,288
2,3,38,289
2,3,39,290
2,3,40,291
2,3,41,292
2,3,42,293
2,3,43,294
2,3,44,295
2,3,45,296
2,3,46,297
2,3,47,298
2,3,48,299
2,3,49,300
3,1,0,301
3,1,1,302
3,1,2,303
3,1,3,304
3,1,4,305
3,1,5,306
3,1,6,307
3,1,7,308
3,1,8,309
3,1,9,310
3,1,10,311
3,1,11,312
3,1,12,313
3,1,13,314
3,1,14,315
3,1,15,316
3,1,16,317
3,1,17,318
3,1,18,319
3,1,19,320
3,1,20,321
3,1,21,322
3,1,22,323
3,1,23,324
3,1,24,325
3,1,25,326
3,1,26,327
3,1,27,328
3,1,28,329
3,1,29,330
3,1,30,331
3,1,31,332
3,1,32,333
3,1,33,334
3,1,34,335
3,1,35,336
3,1,36,337
3,1,37,338
3,1,38,339
3,1,39,340
3,1,40,341
3,1,41,342
3,1,42,343
3,1,43,344
3,1,44,345
3,1,45,346
3,1,46,347
3,1,47,348
3,1,48,349
3,1,49,350
3,2,0,351
3,2,1,352
3,2,2,353
3,2,3,354
3,2,4,355
3,2,5,356
3,2,6,357
3,2,7,358
3,2,8,359
3,2,9,360
3,2,10,361
3,2,11,362
3,2,12,363
3,2,13,364
3,2,14,365
3,2,15,366
3,2,16,367
3,2,17,368
3,2,18,369
3,2,19,370
3,2,20,371
3,2,21,372
3,2,22,373
3,2,23,374
3,2,24,375
3,2,25,376
3,2,26,377
3,2,27,378
3,2,28,379
3,2,29,380
3,2,30,381
3,2,31,382
3,2,32,383
3,2,33,384
3,2,34,385
3,2,35,386
3,2,36,387
3,2,37,388
3,2,38,389
3,2,39,390
3,2,40,391
3,2,41,392
3,2,42,393
3,2,43,394
3,2,44,395
3,2,45,396
3,2,46,397
3,2,47,398
3,2,48,399
3,2,49,400
3,3,0,401
3,3,1,402
3,3,2,403
3,3,3,404
3,3,4,405
3,3,5,406
3,3,6,407
3,3,7,408
3,3,8,409
3,3,9,410
3,3,10,411
3,3,11,412
3,3,12,413
3,3,13,414
3,3,14,415
3,3,15,416
3,3,16,417
3,3,17,418
3,3,18,419
3,3,19,420
3,3,20,421
3,3,21,422
3,3,22,423
3,3,23,424
3,3,24,425
3,3,25,426
3,3,26,427
3,3,27,428
3,3,28,429
3,3,29,430
3,3,30,431
3,3,31,432
3,3,32,433
3,3,33,434
3,3,34,435
3,3,35,436
3,3,36,437
3,3,37,438
3,3,38,439
3,3,39,440
3,3,40,441
3,3,41,442
3,3,42,443
3,3,43,444
3,3,44,445
3,3,45,446
3,3,46,447
3,3,47,448
3,3,48,449
3,3,49,450
4,1,0,451
4,1,1,452
4,1,2,453
4,1,3,454
4,1,4,455
4,1,5,456
4,1,6,457
4,1,7,458
4,1,8,459
4,1,9,460
4,1,10,461
4,1,11,462
4,1,12,463
4,1,13,464
4,1,14,465
4,1,15,466
4,1,16,467
4,1,17,468
4,1,18,469
4,1,19,470
4,1,20,471
4,1,21,472
4,1,22,473
4,1,23,474
4,1,24,475
4,1,25,476
4,1,26,477
4,1,27,478
4,1,28,479
4,1,29,480
4,1,30,481
4,1,31,482
4,1,32,483
4,1,33,484
4,1,34,485
4,1,35,486
4,1,36,487
4,1,37,488
4,1,38,489
4,1,39,490
4,1,40,491
4,1,41,492
4,1,42,493
4,1,43,494
4,1,44,495
4,1,45,496
4,1,46,497
4,1,47,498
4,1,48,499
4,1,49,500
4,2,0,501
4,2,1,502
4,2,2,503
4,2,3,504
4,2,4,505
4,2,5,506
4,2,6,507
4,2,7,508
4,2,8,509
4,2,9,510
4,2,10,511
4,2,11,512
4,2,12,513
4,2,13,514
4,2,14,515
4,2,15,516
4,2,16,517
4,2,17,518
4,2,18,519
4,2,19,520
4,2,20,521
4,2,21,522
4,2,22,523
4,2,23,524
4,2,24,525
4,2,25,526
4,2,26,527
4,2,27,528
4,2,28,529
4,2,29,530
4,2,30,531
4,2,31,532
4,2,32,533
4,2,33,534
4,2,34,535
4,2,35,536
4,2,36,537
4,2,37,538
4,2,38,539
4,2,39,540
4,2,40,541
4,2,41,542
4,2,42,543
4,2,43,544
4,2,44,545
4,2,45,546
4,2,46,547
4,2,47,548
4,2,48,549
4,2,49,550
4,3,0,551
4,3,1,552
4,3,2,553
4,3,3,554
4,3,4,555
4,3,5,556
4,3,6,557
4,3,7,558
4,3,8,559
4,3,9,560
4,3,10,561
4,3,11,562
4,3,12,563
4,3,13,564
4,3,14,565
4,3,15,566
4,3,16,567
4,3,17,568
4,3,18,569
4,3,19,570
4,3,20,571
4,3,21,572
4,3,22,573
4,3,23,574
4,3,24,575
4,3,25,576
4,3,26,577
4,3,27,578
4,3,28,579
4,3,29,580
4,3,30,581
4,3,31,582
4,3,32,583
4,3,33,584
4,3,34,585
4,3,35,586
4,3,36,587
4,3,37,588
4,3,38,589
4,3,39,590
4,3,40,591
4,3,41,592
4,3,42,593
4,3,43,594
4,3,44,595
4,3,45,596
4,3,46,597
4,3,47,598
4,3,48,599
4,3,49,600
5,1,0,601
5,1,1,602
5,1,2,603
5,1,3,604
5,1,4,605
5,1,5,606
5,1,6,607
5,1,7,608
5,1,8,609
5,1,9,610
5,1,10,611
5,1,11,612
5,1,12,613
5,1,13,614
5,1,14,615
5,1,15,616
5,1,16,617
5,1,17,618
5,1,18,619
5,1,19,620
5,1,20,621
5,1,21,622
5,1,22,623
5,1,23,624
5,1,24,625
5,1,25,626
5,1,26,627
5,1,27,628
5,1,28,629
5,1,29,630
5,1,30,631
5,1,31,632
5,1,32,633
5,1,33,634
5,1,34,635
5,1,35,636
5,1,36,637
5,1,37,638
5,1,38,639
5,1,39,640
5,1,40,641
5,1,41,642
5,1,42,643
5,1,43,644
5,1,44,645
5,1,45,646
5,1,46,647
5,1,47,648
5,1,48,649
5,1,49,650
5,2,0,651
5,2,1,652
5,2,2,653
5,2,3,654
5,2,4,655
5,2,5,656
5,2,6,657
5,2,7,658
5,2,8,659
5,2,9,660
5,2,10,661
5,2,11,662
5,2,12,663
5,2,13,664
5,2,14,665
5,2,15,666
5,2,16,667
5,2,17,668
5,2,18,669
5,2,19,670
5,2,20,671
5,2,21,672
5,2,22,673
5,2,23,674
5,2,24,675
5,2,25,676
5,2,26,677
5,2,27,678
5,2,28,679
5,2,29,680
5,2,30,681
5,2,31,682
5,2,32,683
5,2,33,684
5,2,34,685
5,2,35,686
5,2,36,687
5,2,37,688
5,2,38,689
5,2,39,690
5,2,40,691
5,2,41,692
5,2,42,693
5,2,43,694
5,2,44,695
5,2,45,696
5,2,46,697
5,2,47,698
5,2,48,699
5,2,49,700
5,3,0,701
5,3,1,702
5,3,2,703
5,3,3,704
5,3,4,705
5,3,5,706
5,3,6,707
5,3,7,708
5,3,8,709
5,3,9,710
5,3,10,711
5,3,11,712
5,3,12,713
5,3,13,714
5,3,14,715
5,3,15,716
5,3,16,717
5,3,17,718
5,3,18,719
5,3,19,720
5,3,20,721
5,3,21,722
5,3,22,723
5,3,23,724
5,3,24,725
5,3,25,726
5,3,26,727
5,3,27,728
5,3,28,729
5,3,29,730
5,3,30,731
5,3,31,732
5,3,32,733
5,3,33,734
5,3,34,735
5,3,35,736
5,3,36,737
5,3,37,738
5,3,38,739
5,3,39,740
5,3,40,741
5,3,41,742
5,3,42,743
5,3,43,744
5,3,44,745
5,3,45,746
5,3,46,747
5,3,47,748
5,3,48,749
5,3,49,750
6,1,0,751
6,1,1,752
6,1,2,753
6,1,3,754
6,1,4,755
6,1,5,756
6,1,6,757
6,1,7,758
6,1,8,759
6,1,9,760
6,1,10,761
6,1,11,762
6,1,12,763
6,1,13,764
6,1,14,765
6,1,15,766
6,1,16,767
6,1,17,768
6,1,18,769
6,1,19,770
6,1,20,771
6,1,21,772
6,1,22,773
6,1,23,774
6,1,24,775
6,1,25,776
6,1,26,777
6,1,27,778
6,1,28,779
6,1,29,780
6,1,30,781
6,1,31,782
6,1,32,783
6,1,33,784
6,1,34,785
6,1,35,786
6,1,36,787
6,1,37,788
6,1,38,789
6,1,39,790
6,1,40,791
6,1,41,792
6,1,42,793
6,1,43,794
6,1,44,795
6,1,45,796
6,1,46,797
6,1,47,798
6,1,48,799
6,1,49,800
6,2,0,801
6,2,1,802
6,2,2,803
6,2,3,804
6,2,4,805
6,2,5,806
6,2,6,807
6,2,7,808
6,2,8,809
6,2,9,810
6,2,10,811
6,2,11,812
6,2,12,813
6,2,13,814
6,2,14,815
6,2,15,816
6,2,16,817
6,2,17,818
6,2,18,819
6,2,19,820
6,2,20,821
6,2,21,822
6,2,22,823
6,2,23,824
6,2,24,825
6,2,25,826
6,2,26,827
6,2,27,828
6,2,28,829
6,2,29,830
6,2,30,831
6,2,31,832
6,2,32,833
6,2,33,834
6,2,34,835
6,2,35,836
6,2,36,837
6,2,37,838
6,2,38,839
6,2,39,840
6,2,40,841
6,2,41,842
6,2,42,843
6,2,43,844
6,2,44,845
6,2,45,846
6,2,46,847
6,2,47,848
6,2,48,849
6,2,49,850
6,3,0,851
6,3,1,852
6,3,2,853
6,3,3,854
6,3,4,855
6,3,5,856
6,3,6,857
6,3,7,858
6,3,8,859
6,3,9,860
6,3,10,861
6,3,11,862
6,3,12,863
6,3,13,864
6,3,14,865
6,3,15,866
6,3,16,867
6,3,17,868
6,3,18,869
6,3,19,870
6,3,20,871
6,3,21,872
6,3,22,873
6,3,23,874
6,3,24,875
6,3,25,876
6,3,26,877
6,3,27,878
6,3,28,879
6,3,29,880
6,3,30,881
6,3,31,882
6,3,32,883
6,3,33,884
6,3,34,885
6,3,35,886
6,3,36,887
6,3,37,888
6,3,38,889
6,3,39,890
6,3,40,891
6,3,41,892
6,3,42,893
6,3,43,894
6,3,44,895
6,3,45,896
6,3,46,897
6,3,47,898
6,3,48,899
6,3,49,900
7,1,0,901
7,1,1,902
7,1,2,903
7,1,3,904
7,1,4,905
7,1,5,906
7,1,6,907
7,1,7,908
7,1,8,909
7,1,9,910
7,1,10,911
7,1,11,912
7,1,12,913
7,1,13,914
7,1,14,915
7,1,15,916
7,1,16,917
7,1,17,918
7,1,18,919
7,1,19,920
7,1,20,921
7,1,21,922
7,1,22,923
7,1,23,924
7,1,24,925
7,1,25,926
7,1,26,927
7,1,27,928
7,1,28,929
7,1,29,930
7,1,30,931
7,1,31,932
7,1,32,933
7,1,33,934
7,1,34,935
7,1,35,936
7,1,36,937
7,1,37,938
7,1,38,939
7,1,39,940
7,1,40,941
7,1,41,942
7,1,42,943
7,1,43,944
7,1,44,945
7,1,45,946
7,1,46,947
7,1,47,948
7,1,48,949
7,1,49,950
7,2,0,951
7,2,1,952
7,2,2,953
7,2,3,954
7,2,4,955
7,2,5,956
7,2,6,957
7,2,7,958
7,2,8,959
7,2,9,960
7,2,10,961
7,2,11,962
7,2,12,963
7,2,13,964
7,2,14,965
7,2,15,966
7,2,16,967
7,2,17,968
7,2,18,969
7,2,19,970
7,2,20,971
7,2,21,972
7,2,22,973
7,2,23,974
7,2,24,975
7,2,25,976
7,2,26,977
7,2,27,978
7,2,28,979
7,2,29,980
7,2,30,981
7,2,31,982
7,2,32,983
7,2,33,984
7,2,34,985
7,2,35,986
7,2,36,987
7,2,37,988
7,2,38,989
7,2,39,990
7,2,40,991
7,2,41,992
7,2,42,993
7,2,43,994
7,2,44,995
7,2,45,996
7,2,46,997
7,2,47,998
7,2,48,999
7,2,49,1000
7,3,0,1001
7,3,1,1002
7,3,2,1003
7,3,3,1004
7,3,4,1005
7,3,5,1006
7,3,6,1007
7,3,7,1008
7,3,8,1009
7,3,9,1010
7,3,10,1011
7,3,11,1012
7,3,12,1013
7,3,13,1014
7,3,14,1015
7,3,15,1016
7,3,16,1017
7,3,17,1018
7,3,18,1019
7,3,19,1020
7,3,20,1021
7,3,21,1022
7,3,22,1023
7,3,23,1024
7,3,24,1025
7,3,25,1026
7,3,26,1027
7,3,27,1028
7,3,28,1029
7,3,29,1030
7,3,30,1031
7,3,31,1032
7,3,32,1033
7,3,33,1034
7,3,34,1035
7,3,35,1036
7,3,36,1037
7,3,37,1038
7,3,38,1039
7,3,39,1040
7,3,40,1041
7,3,41,1042
7,3,42,1043
7,3,43,1044
7,3,44,1045
7,3,45,1046
7,3,46,1047
7,3,47,1048
7,3,48,1049
7,3,49,1050
8,1,0,1051
8,1,1,1052
8,1,2,1053
8,1,3,1054
8,1,4,1055
8,1,5,1056
8,1,6,1057
8,1,7,1058
8,1,8,1059
8,1,9,1060
8,1,10,1061
8,1,11,1062
8,1,12,1063
8,1,13,1064
8,1,14,1065
8,1,15,1066
8,1,16,1067
8,1,17,1068
8,1,18,1069
8,1,19,1070
8,1,20,1071
8,1,21,1072
8,1,22,1073
8,1,23,1074
8,1,24,1075
8,1,25,1076
8,1,26,1077
8,1,27,1078
8,1,28,1079
8,1,29,1080
8,1,30,1081
8,1,31,1082
8,1,32,1083
8,1,33,1084
8,1,34,1085
8,1,35,1086
8,1,36,1087
8,1,37,1088
8,1,38,1089
8,1,39,1090
8,1,40,1091
8,1,41,1092
8,1,42,1093
8,1,43,1094
8,1,44,1095
8,1,45,1096
8,1,46,1097
8,1,47,1098
8,1,48,1099
8,1,49,1100
8,2,0,1101
8,2,1,1102
8,2,2,1103
8,2,3,1104
8,2,4,1105
8,2,5,1106
8,2,6,1107
8,2,7,1108
8,2,8,1109
8,2,9,1110
8,2,10,1111
8,2,11,1112
8,2,12,1113
8,2,13,1114
8,2,14,1115
8,2,15,1116
8,2,16,1117
8,2,17,1118
8,2,18,1119
8,2,19,1120
8,2,20,1121
8,2,21,1122
8,2,22,1123
8,2,23,1124
8,2,24,1125
8,2,25,1126
8,2,26,1127
8,2,27,1128
8,2,28,1129
8,2,29,1130
8,2,30,1131
8,2,31,1132
8,2,32,1133
8,2,33,1134
8,2,34,1135
8,2,35,1136
8,2,36,1137
8,2,37,1138
8,2,38,1139
8,2,39,1140
8,2,40,1141
8,2,41,1142
8,2,42,1143
8,2,43,1144
8,2,44,1145
8,2,45,1146
8,2,46,1147
8,2,47,1148
8,2,48,1149
8,2,49,1150
8,3,0,1151
8,3,1,1152
8,3,2,1153
8,3,3,1154
8,3,4,1155
8,3,5,1156
8,3,6,1157
8,3,7,1158
8,3,8,1159
8,3,9,1160
8,3,10,1161
8,3,11,1162
8,3,12,1163
8,3,13,1164
8,3,14,1165
8,3,15,1166
8,3,16,1167
8,3,17,1168
8,3,18,1169
8,3,19,1170
8,3,20,1171
8,3,21,1172
8,3,22,1173
8,3,23,1174
8,3,24,1175
8,3,25,1176
8,3,26,1177
8,3,27,1178
8,3,28,1179
8,3,29,1180
8,3,30,1181
8,3,31,1182
8,3,32,1183
8,3,33,1184
8,3,34,1185
8,3,35,1186
8,3,36,1187
8,3,37,1188
8,3,38,1189
8,3,39,1190
8,3,40,1191
8,3,41,1192
8,3,42,1193
8,3,43,1194
8,3,44,1195
8,3,45,1196
8,3,46,1197
8,3,47,1198
8,3,48,1199
8,3,49,1200
9,1,0,1201
9,1,1,1202
9,1,2,1203
9,1,3,1204
9,1,4,1205
9,1,5,1206
9,1,6,1207
9,1,7,1208
9,1,8,1209
9,1,9,1210
9,1,10,1211
9,1,11,1212
9,1,12,1213
9,1,13,1214
9,1,14,1215
9,1,15,1216
9,1,16,1217
9,1,17,1218
9,1,18,1219
9,1,19,1220
9,1,20,1221
9,1,21,1222
9,1,22,1223
9,1,23,1224
9,1,24,1225
9,1,25,1226
9,1,26,1227
9,1,27,1228
9,1,28,1229
9,1,29,1230
9,1,30,1231
9,1,31,1232
9,1,32,1233
9,1,33,1234
9,1,34,1235
9,1,35,1236
9,1,36,1237
9,1,37,1238
9,1,38,1239
9,1,39,1240
9,1,40,1241
9,1,41,1242
9,1,42,1243
9,1,43,1244
9,1,44,1245
9,1,45,1246
9,1,46,1247
9,1,47,1248
9,1,48,1249
9,1,49,1250
9,2,0,1251
9,2,1,1252
9,2,2,1253
9,2,3,1254
9,2,4,1255
9,2,5,1256
9,2,6,1257
9,2,7,1258
9,2,8,1259
9,2,9,1260
9,2,10,1261
9,2,11,1262
9,2,12,1263
9,2,13,1264
9,2,14,1265
9,2,15,1266
9,2,16,1267
9,2,17,1268
9,2,18,1269
9,2,19,1270
9,2,20,1271
9,2,21,1272
9,2,22,1273
9,2,23,1274
9,2,24,1275
9,2,25,1276
9,2,26,1277
9,2,27,1278
9,2,28,1279
9,2,29,1280
9,2,30,1281
9,2,31,1282
9,2,32,1283
9,2,33,1284
9,2,34,1285
9,2,35,1286
9,2,36,1287
9,2,37,1288
9,2,38,1289
9,2,39,1290
9,2,40,1291
9,2,41,1292
9,2,42,1293
9,2,43,1294
9,2,44,1295
9,2,45,1296
9,2,46,1297
9,2,47,1298
9,2,48,1299
9,2,49,1300
9,3,0,1301
9,3,1,1302
9,3,2,1303
9,3,3,1304
9,3,4,1305
9,3,5,1306
9,3,6,1307
9,3,7,1308
9,3,8,1309
9,3,9,1310
9,3,10,1311
9,3,11,1312
9,3,12,1313
9,3,13,1314
9,3,14,1315
9,3,15,1316
9,3,16,1317
9,3,17,1318
9,3,18,1319
9,3,19,1320
9,3,20,1321
9,3,21,1322
9,3,22,1323
9,3,23,1324
9,3,24,1325
9,3,25,1326
9,3,26,1327
9,3,27,1328
9,3,28,1329
9,3,29,1330
9,3,30,1331
9,3,31,1332
9,3,32,1333
9,3,33,1334
9,3,34,1335
9,3,35,1336
9,3,36,1337
9,3,37,1338
9,3,38,1339
9,3,39,1340
9,3,40,1341
9,3,41,1342
9,3,42,1343
9,3,43,1344
9,3,44,1345
9,3,45,1346
9,3,46,1347
9,3,47,1348
9,3,48,1349
9,3,49,1350
10,1,0,1351
10,1,1,1352
10,1,2,1353
10,1,3,1354
10,1,4,1355
10,1,5,1356
10,1,6,1357
10,1,7,1358
10,1,8,1359
10,1,9,1360
10,1,10,1361
10,1,11,1362
10,1,12,1363
10,1,13,1364
10,1,14,1365
10,1,15,1366
10,1,16,1367
10,1,17,1368
10,1,18,1369
10,1,19,1370
10,1,20,1371
10,1,21,1372
10,1,22,1373
10,1,23,1374
10,1,24,1375
10,1,25,1376
10,1,26,1377
10,1,27,1378
10,1,28,1379
10,1,29,1380
10,1,30,1381
10,1,31,1382
10,1,32,1383
10,1,33,1384
10,1,34,1385
10,1,35,1386
10,1,36,1387
10,1,37,1388
10,1,38,1389
10,1,39,1390
10,1,40,1391
10,1,41,1392
10,1,42,1393
10,1,43,1394
10,1,44,1395
10,1,45,1396
10,1,46,1397
10,1,47,1398
10,1,48,1399
10,1,49,1400
10,2,0,1401
10,2,1,1402
10,2,2,1403
10,2,3,1404
10,2,4,1405
10,2,5,1406
10,2,6,1407
10,2,7,1408
10,2,8,1409
10,2,9,1410
10,2,10,1411
10,2,11,1412
10,2,12,1413
10,2,13,1414
10,2,14,1415
10,2,15,1416
10,2,16,1417
10,2,17,1418
10,2,18,1419
10,2,19,1420
10,2,20,1421
10,2,21,1422
10,2,22,1423
10,2,23,1424
10,2,24,1425
10,2,25,1426
10,2,26,1427
10,2,27,1428
10,2,28,1429
10,2,29,1430
10,2,30,1431
10,2,31,1432
10,2,32,1433
10,2,33,1434
10,2,34,1435
10,2,35,1436
10,2,36,1437
10,2,37,1438
10,2,38,1439
10,2,39,1440
10,2,40,1441
10,2,41,1442
10,2,42,1443
10,2,43,1444
10,2,44,1445
10,2,45,1446
10,2,46,1447
10,2,47,1448
10,2,48,1449
10,2,49,1450
10,3,0,1451
10,3,1,1452
10,3,2,1453
10,3,3,1454
10,3,4,1455
10,3,5,1456
10,3,6,1457
10,3,7,1458
10,3,8,1459
10,3,9,1460
10,3,10,1461
10,3,11,1462
10,3,12,1463
10,3,13,1464
10,3,14,1465
10,3,15,1466
10,3,16,1467
10,3,17,1468
10,3,18,1469
10,3,19,1470
10,3,20,1471
10,3,21,1472
10,3,22,1473
10,3,23,1474
10,3,24,1475
10,3,25,1476
10,3,26,1477
10,3,27,1478
10,3,28,1479
10,3,29,1480
10,3,30,1481
10,3,31,1482
10,3,32,1483
10,3,33,1484
10,3,34,1485
10,3,35,1486
10,3,36,1487
10,3,37,1488
10,3,38,1489
10,3,39,1490
10,3,40,1491
10,3,41,1492
10,3,42,1493
10,3,43,1494
10,3,44,1495
10,3,45,1496
10,3,46,1497
10,3,47,1498
10,3,48,1499
10,3,49,1500
11,1,0,1501
11,1,1,1502
11,1,2,1503
11,1,3,1504
11,1,4,1505
11,1,5,1506
11,1,6,1507
11,1,7,1508
11,1,8,1509
11,1,9,1510
11,1,10,1511
11,1,11,1512
11,1,12,1513
11,1,13,1514
11,1,14,1515
11,1,15,1516
11,1,16,1517
11,1,17,1518
11,1,18,1519
11,1,19,1520
11,1,20,1521
11,1,21,1522
11,1,22,1523
11,1,23,1524
11,1,24,1525
11,1,25,1526
11,1,26,1527
11,1,27,1528
11,1,28,1529
11,1,29,1530
11,1,30,1531
11,1,31,1532
11,1,32,1533
11,1,33,1534
11,1,34,1535
11,1,35,1536
11,1,36,1537
11,1,37,1538
11,1,38,1539
11,1,39,1540
11,1,40,1541
11,1,41,1542
11,1,42,1543
11,1,43,1544
11,1,44,1545
11,1,45,1546
11,1,46,1547
11,1,47,1548
11,1,48,1549
11,1,49,1550
11,2,0,1551
11,2,1,1552
11,2,2,1553
11,2,3,1554
11,2,4,1555
11,2,5,1556
11,2,6,1557
11,2,7,1558
11,2,8,1559
11,2,9,1560
11,2,10,1561
11,2,11,1562
11,2,12,1563
11,2,13,1564
11,2,14,1565
11,2,15,1566
11,2,16,1567
11,2,17,1568
11,2,18,1569
11,2,19,1570
11,2,20,1571
11,2,21,1572
11,2,22,1573
11,2,23,1574
11,2,24,1575
11,2,25,1576
11,2,26,1577
11,2,27,1578
11,2,28,1579
11,2,29,1580
11,2,30,1581
11,2,31,1582
11,2,32,1583
11,2,33,1584
11,2,34,1585
11,2,35,1586
11,2,36,1587
11,2,37,1588
11,2,38,1589
11,2,39,1590
11,2,40,1591
11,2,41,1592
11,2,42,1593
11,2,43,1594
11,2,44,1595
11,2,45,1596
11,2,46,1597
11,2,47,1598
11,2,48,1599
11,2,49,1600
11,3,0,1601
11,3,1,1602
11,3,2,1603
11,3,3,1604
11,3,4,1605
11,3,5,1606
11,3,6,1607
11,3,7,1608
11,3,8,1609
11,3,9,1610
11,3,10,1611
11,3,11,1612
11,3,12,1613
11,3,13,1614
11,3,14,1615
11,3,15,1616
11,3,16,1617
11,3,17,1618
11,3,18,1619
11,3,19,1620
11,3,20,1621
11,3,21,1622
11,3,22,1623
11,3,23,1624
11,3,24,1625
11,3,25,1626
11,3,26,1627
11,3,27,1628
11,3,28,1629
11,3,29,1630
11,3,30,1631
11,3,31,1632
11,3,32,1633
11,3,33,1634
11,3,34,1635
11,3,35,1636
11,3,36,1637
11,3,37,1638
11,3,38,1639
11,3,39,1640
11,3,40,1641
11,3,41,1642
11,3,42,1643
11,3,43,1644
11,3,44,1645
11,3,45,1646
11,3,46,1647
11,3,47,1648
11,3,48,1649
11,3,49,1650
12,1,0,1651
12,1,1,1652
12,1,2,1653
12,1,3,1654
12,1,4,1655
12,1,5,1656
12,1,6,1657
12,1,7,1658
12,1,8,1659
12,1,9,1660
12,1,10,1661
12,1,11,1662
12,1,12,1663
12,1,13,1664
12,1,14,1665
12,1,15,1666
12,1,16,1667
12,1,17,1668
12,1,18,1669
12,1,19,1670
12,1,20,1671
12,1,21,1672
12,1,22,1673
12,1,23,1674
12,1,24,1675
12,1,25,1676
12,1,26,1677
12,1,27,1678
12,1,28,1679
12,1,29,1680
12,1,30,1681
12,1,31,1682
12,1,32,1683
12,1,33,1684
12,1,34,1685
12,1,35,1686
12,1,36,1687
12,1,37,1688
12,1,38,1689
12,1,39,1690
12,1,40,1691
12,1,41,1692
12,1,42,1693
12,1,43,1694
12,1,44,1695
12,1,45,1696
12,1,46,1697
12,1,47,1698
12,1,48,1699
12,1,49,1700
12,2,0,1701
12,2,1,1702
12,2,2,1703
12,2,3,1704
12,2,4,1705
12,2,5,1706
12,2,6,1707
12,2,7,1708
12,2,8,1709
12,2,9,1710
12,2,10,1711
12,2,11,1712
12,2,12,1713
12,2,13,1714
12,2,14,1715
12,2,15,1716
12,2,16,1717
12,2,17,1718
12,2,18,1719
12,2,19,1720
12,2,20,1721
12,2,21,1722
12,2,22,1723
12,2,23,1724
12,2,24,1725
12,2,25,1726
12,2,26,1727
12,2,27,1728
12,2,28,1729
12,2,29,1730
12,2,30,1731
12,2,31,1732
12,2,32,1733
12,2,33,1734
12,2,34,1735
12,2,35,1736
12,2,36,1737
12,2,37,1738
12,2,38,1739
12,2,39,1740
12,2,40,1741
12,2,41,1742
12,2,42,1743
12,2,43,1744
12,2,44,1745
12,2,45,1746
12,2,46,1747
12,2,47,1748
12,2,48,1749
12,2,49,1750
12,3,0,1751
12,3,1,1752
12,3,2,1753
12,3,3,1754
12,3,4,1755
12,3,5,1756
12,3,6,1757
12,3,7,1758
12,3,8,1759
12,3,9,1760
12,3,10,1761
12,3,11,1762
12,3,12,1763
12,3,13,1764
12,3,14,1765
12,3,15,1766
12,3,16,1767
12,3,17,1768
12,3,18,1769
12,3,19,1770
12,3,20,1771
12,3,21,1772
12,3,22,1773
12,3,23,1774
12,3,24,1775
12,3,25,1776
12,3,26,1777
12,3,27,1778
12,3,28,1779
12,3,29,1780
12,3,30,1781
12,3,31,1782
12,3,32,1783
12,3,33,1784
12,3,34,1785
12,3,35,1786
12,3,36,1787
12,3,37,1788
12,3,38,1789
12,3,39,1790
12,3,40,1791
12,3,41,1792
12,3,42,1793
12,3,43,1794
12,3,44,1795
12,3,45,1796
12,3,46,1797
12,3,47,1798
12,3,48,1799
12,3,49,1800
13,1,0,1801
13,1,1,1802
13,1,2,1803
13,1,3,1804
13,1,4,1805
13,1,5,1806
13,1,6,1807
13,1,7,1808
13,1,8,1809
13,1,9,1810
13,1,10,1811
13,1,11,1812
13,1,12,1813
13,1,13,1814
13,1,14,1815
13,1,15,1816
13,1,16,1817
13,1,17,1818
13,1,18,1819
13,1,19,1820
13,1,20,1821
13,1,21,1822
13,1,22,1823
13,1,23,1824
13,1,24,1825
13,1,25,1826
13,1,26,1827
13,1,27,1828
13,1,28,1829
13,1,29,1830
13,1,30,1831
13,1,31,1832
13,1,32,1833
13,1,33,1834
13,1,34,1835
13,1,35,1836
13,1,36,1837
13,1,37,1838
13,1,38,1839
13,1,39,1840
13,1,40,1841
13,1,41,1842
13,1,42,1843
13,1,43,1844
13,1,44,1845
13,1,45,1846
13,1,46,1847
13,1,47,1848
13,1,48,1849
13,1,49,1850
13,2,0,1851
13,2,1,1852
13,2,2,1853
13,2,3,1854
13,2,4,1855
13,2,5,1856
13,2,6,1857
13,2,7,1858
13,2,8,1859
13,2,9,1860
13,2,10,1861
13,2,11,1862
13,2,12,1863
13,2,13,1864
13,2,14,1865
13,2,15,1866
13,2,16,1867
13,2,17,1868
13,2,18,1869
13,2,19,1870
13,2,20,1871
13,2,21,1872
13,2,22,1873
13,2,23,1874
13,2,24,1875
13,2,25,1876
13,2,26,1877
13,2,27,1878
13,2,28,1879
13,2,29,1880
13,2,30,1881
13,2,31,1882
13,2,32,1883
13,2,33,1884
13,2,34,1885
13,2,35,1886
13,2,36,1887
13,2,37,1888
13,2,38,1889
13,2,39,1890
13,2,40,1891
13,2,41,1892
13,2,42,1893
13,2,43,1894
13,2,44,1895
13,2,45,1896
13,2,46,1897
13,2,47,1898
13,2,48,1899
13,2,49,1900
13,3,0,1901
13,3,1,1902
13,3,2,1903
13,3,3,1904
13,3,4,1905
13,3,5,1906
13,3,6,1907
13,3,7,1908
13,3,8,1909
13,3,9,1910
13,3,10,1911
13,3,11,1912
13,3,12,1913
13,3,13,1914
13,3,14,1915
13,3,15,1916
13,3,16,1917
13,3,17,1918
13,3,18,1919
13,3,19,1920
13,3,20,1921
13,3,21,1922
13,3,22,1923
13,3,23,1924
13,3,24,1925
13,3,25,1926
13,3,26,1927
13,3,27,1928
13,3,28,1929
13,3,29,1930
13,3,30,1931
13,3,31,1932
13,3,32,1933
13,3,33,1934
13,3,34,1935
13,3,35,1936
13,3,36,1937
13,3,37,1938
13,3,38,1939
13,3,39,1940
13,3,40,1941
13,3,41,1942
13,3,42,1943
13,3,43,1944
13,3,44,1945
13,3,45,1946
13,3,46,1947
13,3,47,1948
13,3,48,1949
13,3,49,1950
14,1,0,1951
14,1,1,1952
14,1,2,1953
14,1,3,1954
14,1,4,1955
14,1,5,1956
14,1,6,1957
14,1,7,1958
14,1,8,1959
14,1,9,1960
14,1,10,1961
14,1,11,1962
14,1,12,1963
14,1,13,1964
14,1,14,1965
14,1,15,1966
14,1,16,1967
14,1,17,1968
14,1,18,1969
14,1,19,1970
14,1,20,1971
14,1,21,1972
14,1,22,1973
14,1,23,1974
14,1,24,1975
14,1,25,1976
14,1,26,1977
14,1,27,1978
14,1,28,1979
14,1,29,1980
14,1,30,1981
14,1,31,1982
14,1,32,1983
14,1,33,1984
14,1,34,1985
14,1,35,1986
14,1,36,1987
14,1,37,1988
14,1,38,1989
14,1,39,1990
14,1,40,1991
14,1,41,1992
14,1,42,1993
14,1,43,1994
14,1,44,1995
14,1,45,1996
14,1,46,1997
14,1,47,1998
14,1,48,1999
14,1,49,2000
14,2,0,2001
14,2,1,2002
14,2,2,2003
14,2,3,2004
14,2,4,2005
14,2,5,2006
14,2,6,2007
14,2,7,2008
14,2,8,2009
14,2,9,2010
14,2,10,2011
14,2,11,2012
14,2,12,2013
14,2,13,2014
14,2,14,2015
14,2,15,2016
14,2,16,2017
14,2,17,2018
14,2,18,2019
14,2,19,2020
14,2,20,2021
14,2,21,2022
14,2,22,2023
14,2,23,2024
14,2,24,2025
14,2,25,2026
14,2,26,2027
14,2,27,2028
14,2,28,2029
14,2,29,2030
14,2,30,2031
14,2,31,2032
14,2,32,2033
14,2,33,2034
14,2,34,2035
14,2,35,2036
14,2,36,2037
14,2,37,2038
14,2,38,2039
14,2,39,2040
14,2,40,2041
14,2,41,2042
14,2,42,2043
14,2,43,2044
14,2,44,2045
14,2,45,2046
14,2,46,2047
14,2,47,2048
14,2,48,2049
14,2,49,2050
14,3,0,2051
14,3,1,2052
14,3,2,2053
14,3,3,2054
14,3,4,2055
14,3,5,2056
14,3,6,2057
14,3,7,2058
14,3,8,2059
14,3,9,2060
14,3,10,2061
14,3,11,2062
14,3,12,2063
14,3,13,2064
14,3,14,2065
14,3,15,2066
14,3,16,2067
14,3,17,2068
14,3,18,2069
14,3,19,2070
14,3,20,2071
14,3,21,2072
14,3,22,2073
14,3,23,2074
14,3,24,2075
14,3,25,2076
14,3,26,2077
14,3,27,2078
14,3,28,2079
14,3,29,2080
14,3,30,2081
14,3,31,2082
14,3,32,2083
14,3,33,2084
14,3,34,2085
14,3,35,2086
14,3,36,2087
14,3,37,2088
14,3,38,2089
14,3,39,2090
14,3,40,2091
14,3,41,2092
14,3,42,2093
14,3,43,2094
14,3,44,2095
14,3,45,2096
14,3,46,2097
14,3,47,2098
14,3,48,2099
14,3,49,2100
15,1,0,2101
15,1,1,2102
15,1,2,2103
15,1,3,2104
15,1,4,2105
15,1,5,2106
15,1,6,2107
15,1,7,2108
15,1,8,2109
15,1,9,2110
15,1,10,2111
15,1,11,2112
15,1,12,2113
15,1,13,2114
15,1,14,2115
15,1,15,2116
15,1,16,2117
15,1,17,2118
15,1,18,2119
15,1,19,2120
15,1,20,2121
15,1,21,2122
15,1,22,2123
15,1,23,2124
15,1,24,2125
15,1,25,2126
15,1,26,2127
15,1,27,2128
15,1,28,2129
15,1,29,2130
15,1,30,2131
15,1,31,2132
15,1,32,2133
15,1,33,2134
15,1,34,2135
15,1,35,2136
15,1,36,2137
15,1,37,2138
15,1,38,2139
15,1,39,2140
15,1,40,2141
15,1,41,2142
15,1,42,2143
15,1,43,2144
15,1,44,2145
15,1,45,2146
15,1,46,2147
15,1,47,2148
15,1,48,2149
15,1,49,2150
15,2,0,2151
15,2,1,2152
15,2,2,2153
15,2,3,2154
15,2,4,2155
15,2,5,2156
15,2,6,2157
15,2,7,2158
15,2,8,2159
15,2,9,2160
15,2,10,2161
15,2,11,2162
15,2,12,2163
15,2,13,2164
15,2,14,2165
15,2,15,2166
15,2,16,2167
15,2,17,2168
15,2,18,2169
15,2,19,2170
15,2,20,2171
15,2,21,2172
15,2,22,2173
15,2,23,2174
15,2,24,2175
15,2,25,2176
15,2,26,2177
15,2,27,2178
15,2,28,2179
15,2,29,2180
15,2,30,2181
15,2,31,2182
15,2,32,2183
15,2,33,2184
15,2,34,2185
15,2,35,2186
15,2,36,2187
15,2,37,2188
15,2,38,2189
15,2,39,2190
15,2,40,2191
15,2,41,2192
15,2,42,2193
15,2,43,2194
15,2,44,2195
15,2,45,2196
15,2,46,2197
15,2,47,2198
15,2,48,2199
15,2,49,2200
15,3,0,2201
15,3,1,2202
15,3,2,2203
15,3,3,2204
15,3,4,2205
15,3,5,2206
15,3,6,2207
15,3,7,2208
15,3,8,2209
15,3,9,2210
15,3,10,2211
15,3,11,2212
15,3,12,2213
15,3,13,2214
15,3,14,2215
15,3,15,2216
15,3,16,2217
15,3,17,2218
15,3,18,2219
15,3,19,2220
15,3,20,2221
15,3,21,2222
15,3,22,2223
15,3,23,2224
15,3,24,2225
15,3,25,2226
15,3,26,2227
15,3,27,2228
15,3,28,2229
15,3,29,2230
15,3,30,2231
15,3,31,2232
15,3,32,2233
15,3,33,2234
15,3,34,2235
15,3,35,2236
15,3,36,2237
15,3,37,2238
15,3,38,2239
15,3,39,2240
15,3,40,2241
15,3,41,2242
15,3,42,2243
15,3,43,2244
15,3,44,2245
15,3,45,2246
15,3,46,2247
15,3,47,2248
15,3,48,2249
15,3,49,2250
16,1,0,2251
16,1,1,2252
16,1,2,2253
16,1,3,2254
16,1,4,2255
16,1,5,2256
16,1,6,2257
16,1,7,2258
16,1,8,2259
16,1,9,2260
16,1,10,2261
16,1,11,2262
16,1,12,2263
16,1,13,2264
16,1,14,2265
16,1,15,2266
16,1,16,2267
16,1,17,2268
16,1,18,2269
16,1,19,2270
16,1,20,2271
16,1,21,2272
16,1,22,2273
16,1,23,2274
16,1,24,2275
16,1,25,2276
16,1,26,2277
16,1,27,2278
16,1,28,2279
16,1,29,2280
16,1,30,2281
16,1,31,2282
16,1,32,2283
16,1,33,2284
16,1,34,2285
16,1,35,2286
16,1,36,2287
16,1,37,2288
16,1,38,2289
16,1,39,2290
16,1,40,2291
16,1,41,2292
16,1,42,2293
16,1,43,2294
16,1,44,2295
16,1,45,2296
16,1,46,2297
16,1,47,2298
16,1,48,2299
16,1,49,2300
16,2,0,2301
16,2,1,2302
16,2,2,2303
16,2,3,2304
16,2,4,2305
16,2,5,2306
16,2,6,2307
16,2,7,2308
16,2,8,2309
16,2,9,2310
16,2,10,2311
16,2,11,2312
16,2,12,2313
16,2,13,2314
16,2,14,2315
16,2,15,2316
16,2,16,2317
16,2,17,2318
16,2,18,2319
16,2,19,2320
16,2,20,2321
16,2,21,2322
16,2,22,2323
16,2,23,2324
16,2,24,2325
16,2,25,2326
16,2,26,2327
16,2,27,2328
16,2,28,2329
16,2,29,2330
16,2,30,2331
16,2,31,2332
16,2,32,2333
16,2,33,2334
16,2,34,2335
16,2,35,2336
16,2,36,2337
16,2,37,2338
16,2,38,2339
16,2,39,2340
16,2,40,2341
16,2,41,2342
16,2,42,2343
16,2,43,2344
16,2,44,2345
16,2,45,2346
16,2,46,2347
16,2,47,2348
16,2,48,2349
16,2,49,2350
16,3,0,2351
16,3,1,2352
16,3,2,2353
16,3,3,2354
16,3,4,2355
16,3,5,2356
16,3,6,2357
16,3,7,2358
16,3,8,2359
16,3,9,2360
16,3,10,2361
16,3,11,2362
16,3,12,2363
16,3,13,2364
16,3,14,2365
16,3,15,2366
16,3,16,2367
16,3,17,2368
16,3,18,2369
16,3,19,2370
16,3,20,2371
16,3,21,2372
16,3,22,2373
16,3,23,2374
16,3,24,2375
16,3,25,2376
16,3,26,2377
16,3,27,2378
16,3,28,2379
16,3,29,2380
16,3,30,2381
16,3,31,2382
16,3,32,2383
16,3,33,2384
16,3,34,2385
16,3,35,2386
16,3,36,2387
16,3,37,2388
16,3,38,2389
16,3,39,2390
16,3,40,2391
16,3,41,2392
16,3,42,2393
16,3,43,2394
16,3,44,2395
16,3,45,2396
16,3,46,2397
16,3,47,2398
16,3,48,2399
16,3,49,2400
17,1,0,2401
17,1,1,2402
17,1,2,2403
17,1,3,2404
17,1,4,2405
17,1,5,2406
17,1,6,2407
17,1,7,2408
17,1,8,2409
17,1,9,2410
17,1,10,2411
17,1,11,2412
17,1,12,2413
17,1,13,2414
17,1,14,2415
17,1,15,2416
17,1,16,2417
17,1,17,2418
17,1,18,2419
17,1,19,2420
17,1,20,2421
17,1,21,2422
17,1,22,2423
17,1,23,2424
17,1,24,2425
17,1,25,2426
17,1,26,2427
17,1,27,2428
17,1,28,2429
17,1,29,2430
17,1,30,2431
17,1,31,2432
17,1,32,2433
17,1,33,2434
17,1,34,2435
17,1,35,2436
17,1,36,2437
17,1,37,2438
17,1,38,2439
17,1,39,2440
17,1,40,2441
17,1,41,2442
17,1,42,2443
17,1,43,2444
17,1,44,2445
17,1,45,2446
17,1,46,2447
17,1,47,2448
17,1,48,2449
17,1,49,2450
17,2,0,2451
17,2,1,2452
17,2,2,2453
17,2,3,2454
17,2,4,2455
17,2,5,2456
17,2,6,2457
17,2,7,2458
17,2,8,2459
17,2,9,2460
17,2,10,2461
17,2,11,2462
17,2,12,2463
17,2,13,2464
17,2,14,2465
17,2,15,2466
17,2,16,2467
17,2,17,2468
17,2,18,2469
17,2,19,2470
17,2,20,2471
17,2,21,2472
17,2,22,2473
17,2,23,2474
17,2,24,2475
17,2,25,2476
17,2,26,2477
17,2,27,2478
17,2,28,2479
17,2,29,2480
17,2,30,2481
17,2,31,2482
17,2,32,2483
17,2,33,2484
17,2,34,2485
17,2,35,2486
17,2,36,2487
17,2,37,2488
17,2,38,2489
17,2,39,2490
17,2,40,2491
17,2,41,2492
17,2,42,2493
17,2,43,2494
17,2,44,2495
17,2,45,2496
17,2,46,2497
17,2,47,2498
17,2,48,2499
17,2,49,2500
17,3,0,2501
17,3,1,2502
17,3,2,2503
17,3,3,2504
17,3,4,2505
17,3,5,2506
17,3,6,2507
17,3,7,2508
17,3,8,2509
17,3,9,2510
17,3,10,2511
17,3,11,2512
17,3,12,2513
17,3,13,2514
17,3,14,2515
17,3,15,2516
17,3,16,2517
17,3,17,2518
17,3,18,2519
17,3,19,2520
17,3,20,2521
17,3,21,2522
17,3,22,2523
17,3,23,2524
17,3,24,2525
17,3,25,2526
17,3,26,2527
17,3,27,2528
17,3,28,2529
17,3,29,2530
17,3,30,2531
17,3,31,2532
17,3,32,2533
17,3,33,2534
17,3,34,2535
17,3,35,2536
17,3,36,2537
17,3,37,2538
17,3,38,2539
17,3,39,2540
17,3,40,2541
17,3,41,2542
17,3,42,2543
17,3,43,2544
17,3,44,2545
17,3,45,2546
17,3,46,2547
17,3,47,2548
17,3,48,2549
17,3,49,2550
18,1,0,2551
18,1,1,2552
18,1,2,2553
18,1,3,2554
18,1,4,2555
18,1,5,2556
18,1,6,2557
18,1,7,2558
18,1,8,2559
18,1,9,2560
18,1,10,2561
18,1,11,2562
18,1,12,2563
18,1,13,2564
18,1,14,2565
18,1,15,2566
18,1,16,2567
18,1,17,2568
18,1,18,2569
18,1,19,2570
18,1,20,2571
18,1,21,2572
18,1,22,2573
18,1,23,2574
18,1,24,2575
18,1,25,2576
18,1,26,2577
18,1,27,2578
18,1,28,2579
18,1,29,2580
18,1,30,2581
18,1,31,2582
18,1,32,2583
18,1,33,2584
18,1,34,2585
18,1,35,2586
18,1,36,2587
18,1,37,2588
18,1,38,2589
18,1,39,2590
18,1,40,2591
18,1,41,2592
18,1,42,2593
18,1,43,2594
18,1,44,2595
18,1,45,2596
18,1,46,2597
18,1,47,2598
18,1,48,2599
18,1,49,2600
18,2,0,2601
18,2,1,2602
18,2,2,2603
18,2,3,2604
18,2,4,2605
18,2,5,2606
18,2,6,2607
18,2,7,2608
18,2,8,2609
18,2,9,2610
18,2,10,2611
18,2,11,2612
18,2,12,2613
18,2,13,2614
18,2,14,2615
18,2,15,2616
18,2,16,2617
18,2,17,2618
18,2,18,2619
18,2,19,2620
18,2,20,2621
18,2,21,2622
18,2,22,2623
18,2,23,2624
18,2,24,2625
18,2,25,2626
18,2,26,2627
18,2,27,2628
18,2,28,2629
18,2,29,2630
18,2,30,2631
18,2,31,2632
18,2,32,2633
18,2,33,2634
18,2,34,2635
18,2,35,2636
18,2,36,2637
18,2,37,2638
18,2,38,2639
18,2,39,2640
18,2,40,2641
18,2,41,2642
18,2,42,2643
18,2,43,2644
18,2,44,2645
18,2,45,2646
18,2,46,2647
18,2,47,2648
18,2,48,2649
18,2,49,2650
18,3,0,2651
18,3,1,2652
18,3,2,2653
18,3,3,2654
18,3,4,2655
18,3,5,2656
18,3,6,2657
18,3,7,2658
18,3,8,2659
18,3,9,2660
18,3,10,2661
18,3,11,2662
18,3,12,2663
18,3,13,2664
18,3,14,2665
18,3,15,2666
18,3,16,2667
18,3,17,2668
18,3,18,2669
18,3,19,2670
18,3,20,2671
18,3,21,2672
18,3,22,2673
18,3,23,2674
18,3,24,2675
18,3,25,2676
18,3,26,2677
18,3,27,2678
18,3,28,2679
18,3,29,2680
18,3,30,2681
18,3,31,2682
18,3,32,2683
18,3,33,2684
18,3,34,2685
18,3,35,2686
18,3,36,2687
18,3,37,2688
18,3,38,2689
18,3,39,2690
18,3,40,2691
18,3,41,2692
18,3,42,2693
18,3,43,2694
18,3,44,2695
18,3,45,2696
18,3,46,2697
18,3,47,2698
18,3,48,2699
18,3,49,2700
19,1,0,2701
19,1,1,2702
19,1,2,2703
19,1,3,2704
19,1,4,2705
19,1,5,2706
19,1,6,2707
19,1,7,2708
19,1,8,2709
19,1,9,2710
19,1,10,2711
19,1,11,2712
19,1,12,2713
19,1,13,2714
19,1,14,2715
19,1,15,2716
19,1,16,2717
19,1,17,2718
19,1,18,2719
19,1,19,2720
19,1,20,2721
19,1,21,2722
19,1,22,2723
19,1,23,2724
19,1,24,2725
19,1,25,2726
19,1,26,2727
19,1,27,2728
19,1,28,2729
19,1,29,2730
19,1,30,2731
19,1,31,2732
19,1,32,2733
19,1,33,2734
19,1,34,2735
19,1,35,2736
19,1,36,2737
19,1,37,2738
19,1,38,2739
19,1,39,2740
19,1,40,2741
19,1,41,2742
19,1,42,2743
19,1,43,2744
19,1,44,2745
19,1,45,2746
19,1,46,2747
19,1,47,2748
19,1,48,2749
19,1,49,2750
19,2,0,2751
19,2,1,2752
19,2,2,2753
19,2,3,2754
19,2,4,2755
19,2,5,2756
19,2,6,2757
19,2,7,2758
19,2,8,2759
19,2,9,2760
19,2,10,2761
19,2,11,2762
19,2,12,2763
19,2,13,2764
19,2,14,2765
19,2,15,2766
19,2,16,2767
19,2,17,2768
19,2,18,2769
19,2,19,2770
19,2,20,2771
19,2,21,2772
19,2,22,2773
19,2,23,2774
19,2,24,2775
19,2,25,2776
19,2,26,2777
19,2,27,2778
19,2,28,2779
19,2,29,2780
19,2,30,2781
19,2,31,2782
19,2,32,2783
19,2,33,2784
19,2,34,2785
19,2,35,2786
19,2,36,2787
19,2,37,2788
19,2,38,2789
19,2,39,2790
19,2,40,2791
19,2,41,2792
19,2,42,2793
19,2,43,2794
19,2,44,2795
19,2,45,2796
19,2,46,2797
19,2,47,2798
19,2,48,2799
19,2,49,2800
19,3,0,2801
19,3,1,2802
19,3,2,2803
19,3,3,2804
19,3,4,2805
19,3,5,2806
19,3,6,2807
19,3,7,2808
19,3,8,2809
19,3,9,2810
19,3,10,2811
19,3,11,2812
19,3,12,2813
19,3,13,2814
19,3,14,2815
19,3,15,2816
19,3,16,2817
19,3,17,2818
19,3,18,2819
19,3,19,2820
19,3,20,2821
19,3,21,2822
19,3,22,2823
19,3,23,2824
19,3,24,2825
19,3,25,2826
19,3,26,2827
19,3,27,2828
19,3,28,2829
19,3,29,2830
19,3,30,2831
19,3,31,2832
19,3,32,2833
19,3,33,2834
19,3,34,2835
19,3,35,2836
19,3,36,2837
19,3,37,2838
19,3,38,2839
19,3,39,2840
19,3,40,2841
19,3,41,2842
19,3,42,2843
19,3,43,2844
19,3,44,2845
19,3,45,2846
19,3,46,2847
19,3,47,2848
19,3,48,2849
19,3,49,2850
20,1,0,2851
20,1,1,2852
20,1,2,2853
20,1,3,2854
20,1,4,2855
20,1,5,2856
20,1,6,2857
20,1,7,2858
20,1,8,2859
20,1,9,2860
20,1,10,2861
20,1,11,2862
20,1,12,2863
20,1,13,2864
20,1,14,2865
20,1,15,2866
20,1,16,2867
20,1,17,2868
20,1,18,2869
20,1,19,2870
20,1,20,2871
20,1,21,2872
20,1,22,2873
20,1,23,2874
20,1,24,2875
20,1,25,2876
20,1,26,2877
20,1,27,2878
20,1,28,2879
20,1,29,2880
20,1,30,2881
20,1,31,2882
20,1,32,2883
20,1,33,2884
20,1,34,2885
20,1,35,2886
20,1,36,2887
20,1,37,2888
20,1,38,2889
20,1,39,2890
20,1,40,2891
20,1,41,2892
20,1,42,2893
20,1,43,2894
20,1,44,2895
20,1,45,2896
20,1,46,2897
20,1,47,2898
20,1,48,2899
20,1,49,2900
20,2,0,2901
20,2,1,2902
20,2,2,2903
20,2,3,2904
20,2,4,2905
20,2,5,2906
20,2,6,2907
20,2,7,2908
20,2,8,2909
20,2,9,2910
20,2,10,2911
20,2,11,2912
20,2,12,2913
20,2,13,2914
20,2,14,2915
20,2,15,2916
20,2,16,2917
20,2,17,2918
20,2,18,2919
20,2,19,2920
20,2,20,2921
20,2,21,2922
20,2,22,2923
20,2,23,2924
20,2,24,2925
20,2,25,2926
20,2,26,2927
20,2,27,2928
20,2,28,2929
20,2,29,2930
20,2,30,2931
20,2,31,2932
20,2,32,2933
20,2,33,2934
20,2,34,2935
20,2,35,2936
20,2,36,2937
20,2,37,2938
20,2,38,2939
20,2,39,2940
20,2,40,2941
20,2,41,2942
20,2,42,2943
20,2,43,2944
20,2,44,2945
20,2,45,2946
20,2,46,2947
20,2,47,2948
20,2,48,2949
20,2,49,2950
20,3,0,2951
20,3,1,2952
20,3,2,2953
20,3,3,2954
20,3,4,2955
20,3,5,2956
20,3,6,2957
20,3,7,2958
20,3,8,2959
20,3,9,2960
20,3,10,2961
20,3,11,2962
20,3,12,2963
20,3,13,2964
20,3,14,2965
20,3,15,2966
20,3,16,2967
20,3,17,2968
20,3,18,2969
20,3,19,2970
20,3,20,2971
20,3,21,2972
20,3,22,2973
20,3,23,2974
20,3,24,2975
20,3,25,2976
20,3,26,2977
20,3,27,2978
20,3,28,2979
20,3,29,2980
20,3,30,2981
20,3,31,2982
20,3,32,2983
20,3,33,2984
20,3,34,2985
20,3,35,2986
20,3,36,2987
20,3,37,2988
20,3,38,2989
20,3,39,2990
20,3,40,2991
20,3,41,2992
20,3,42,2993
20,3,43,2994
20,3,44,2995
20,3,45,2996
20,3,46,2997
20,3,47,2998
20,3,48,2999
20,3,49,3000
21,1,0,3001
21,1,1,3002
21,1,2,3003
21,1,3,3004
21,1,4,3005
21,1,5,3006
21,1,6,3007
21,1,7,3008
21,1,8,3009
21,1,9,3010
21,1,10,3011
21,1,11,3012
21,1,12,3013
21,1,13,3014
21,1,14,3015
21,1,15,3016
21,1,16,3017
21,1,17,3018
21,1,18,3019
21,1,19,3020
21,1,20,3021
21,1,21,3022
21,1,22,3023
21,1,23,3024
21,1,24,3025
21,1,25,3026
21,1,26,3027
21,1,27,3028
21,1,28,3029
21,1,29,3030
21,1,30,3031
21,1,31,3032
21,1,32,3033
21,1,33,3034
21,1,34,3035
21,1,35,3036
21,1,36,3037
21,1,37,3038
21,1,38,3039
21,1,39,3040
21,1,40,3041
21,1,41,3042
21,1,42,3043
21,1,43,3044
21,1,44,3045
21,1,45,3046
21,1,46,3047
21,1,47,3048
21,1,48,3049
21,1,49,3050
21,2,0,3051
21,2,1,3052
21,2,2,3053
21,2,3,3054
21,2,4,3055
21,2,5,3056
21,2,6,3057
21,2,7,3058
21,2,8,3059
21,2,9,3060
21,2,10,3061
21,2,11,3062
21,2,12,3063
21,2,13,3064
21,2,14,3065
21,2,15,3066
21,2,16,3067
21,2,17,3068
21,2,18,3069
21,2,19,3070
21,2,20,3071
21,2,21,3072
21,2,22,3073
21,2,23,3074
21,2,24,3075
21,2,25,3076
21,2,26,3077
21,2,27,3078
21,2,28,3079
21,2,29,3080
21,2,30,3081
21,2,31,3082
21,2,32,3083
21,2,33,3084
21,2,34,3085
21,2,35,3086
21,2,36,3087
21,2,37,3088
21,2,38,3089
21,2,39,3090
21,2,40,3091
21,2,41,3092
21,2,42,3093
21,2,43,3094
21,2,44,3095
21,2,45,3096
21,2,46,3097
21,2,47,3098
21,2,48,3099
21,2,49,3100
21,3,0,3101
21,3,1,3102
21,3,2,3103
21,3,3,3104
21,3,4,3105
21,3,5,3106
21,3,6,3107
21,3,7,3108
21,3,8,3109
21,3,9,3110
21,3,10,3111
21,3,11,3112
21,3,12,3113
21,3,13,3114
21,3,14,3115
21,3,15,3116
21,3,16,3117
21,3,17,3118
21,3,18,3119
21,3,19,3120
21,3,20,3121
21,3,21,3122
21,3,22,3123
21,3,23,3124
21,3,24,3125
21,3,25,3126
21,3,26,3127
21,3,27,3128
21,3,28,3129
21,3,29,3130
21,3,30,3131
21,3,31,3132
21,3,32,3133
21,3,33,3134
21,3,34,3135
21,3,35,3136
21,3,36,3137
21,3,37,3138
21,3,38,3139
21,3,39,3140
21,3,40,3141
21,3,41,3142
21,3,42,3143
21,3,43,3144
21,3,44,3145
21,3,45,3146
21,3,46,3147
21,3,47,3148
21,3,48,3149
21,3,49,3150
22,1,0,3151
22,1,1,3152
22,1,2,3153
22,1,3,3154
22,1,4,3155
22,1,5,3156
22,1,6,3157
22,1,7,3158
22,1,8,3159
22,1,9,3160
22,1,10,3161
22,1,11,3162
22,1,12,3163
22,1,13,3164
22,1,14,3165
22,1,15,3166
22,1,16,3167
22,1,17,3168
22,1,18,3169
22,1,19,3170
22,1,20,3171
22,1,21,3172
22,1,22,3173
22,1,23,3174
22,1,24,3175
22,1,25,3176
22,1,26,3177
22,1,27,3178
22,1,28,3179
22,1,29,3180
22,1,30,3181
22,1,31,3182
22,1,32,3183
22,1,33,3184
22,1,34,3185
22,1,35,3186
22,1,36,3187
22,1,37,3188
22,1,38,3189
22,1,39,3190
22,1,40,3191
22,1,41,3192
22,1,42,3193
22,1,43,3194
22,1,44,3195
22,1,45,3196
22,1,46,3197
22,1,47,3198
22,1,48,3199
22,1,49,3200
22,2,0,3201
22,2,1,3202
22,2,2,3203
22,2,3,3204
22,2,4,3205
22,2,5,3206
22,2,6,3207
22,2,7,3208
22,2,8,3209
22,2,9,3210
22,2,10,3211
22,2,11,3212
22,2,12,3213
22,2,13,3214
22,2,14,3215
22,2,15,3216
22,2,16,3217
22,2,17,3218
22,2,18,3219
22,2,19,3220
22,2,20,3221
22,2,21,3222
22,2,22,3223
22,2,23,3224
22,2,24,3225
22,2,25,3226
22,2,26,3227
22,2,27,3228
22,2,28,3229
22,2,29,3230
22,2,30,3231
22,2,31,3232
22,2,32,3233
22,2,33,3234
22,2,34,3235
22,2,35,3236
22,2,36,3237
22,2,37,3238
22,2,38,3239
22,2,39,3240
22,2,40,3241
22,2,41,3242
22,2,42,3243
22,2,43,3244
22,2,44,3245
22,2,45,3246
22,2,46,3247
22,2,47,3248
22,2,48,3249
22,2,49,3250
22,3,0,3251
22,3,1,3252
22,3,2,3253
22,3,3,3254
22,3,4,3255
22,3,5,3256
22,3,6,3257
22,3,7,3258
22,3,8,3259
22,3,9,3260
22,3,10,3261
22,3,11,3262
22,3,12,3263
22,3,13,3264
22,3,14,3265
22,3,15,3266
22,3,16,3267
22,3,17,3268
22,3,18,3269
22,3,19,3270
22,3,20,3271
22,3,21,3272
22,3,22,3273
22,3,23,3274
22,3,24,3275
22,3,25,3276
22,3,26,3277
22,3,27,3278
22,3,28,3279
22,3,29,3280
22,3,30,3281
22,3,31,3282
22,3,32,3283
22,3,33,3284
22,3,34,3285
22,3,35,3286
22,3,36,3287
22,3,37,3288
22,3,38,3289
22,3,39,3290
22,3,40,3291
22,3,41,3292
22,3,42,3293
22,3,43,3294
22,3,44,3295
22,3,45,3296
22,3,46,3297
22,3,47,3298
22,3,48,3299
22,3,49,3300
23,1,0,3301
23,1,1,3302
23,1,2,3303
23,1,3,3304
23,1,4,3305
23,1,5,3306
23,1,6,3307
23,1,7,3308
23,1,8,3309
23,1,9,3310
23,1,10,3311
23,1,11,3312
23,1,12,3313
23,1,13,3314
23,1,14,3315
23,1,15,3316
23,1,16,3317
23,1,17,3318
23,1,18,3319
23,1,19,3320
23,1,20,3321
23,1,21,3322
23,1,22,3323
23,1,23,3324
23,1,24,3325
23,1,25,3326
23,1,26,3327
23,1,27,3328
23,1,28,3329
23,1,29,3330
23,1,30,3331
23,1,31,3332
23,1,32,3333
23,1,33,3334
23,1,34,3335
23,1,35,3336
23,1,36,3337
23,1,37,3338
23,1,38,3339
23,1,39,3340
23,1,40,3341
23,1,41,3342
23,1,42,3343
23,1,43,3344
23,1,44,3345
23,1,45,3346
23,1,46,3347
23,1,47,3348
23,1,48,3349
23,1,49,3350
23,2,0,3351
23,2,1,3352
23,2,2,3353
23,2,3,3354
23,2,4,3355
23,2,5,3356
23,2,6,3357
23,2,7,3358
23,2,8,3359
23,2,9,3360
23,2,10,3361
23,2,11,3362
23,2,12,3363
23,2,13,3364
23,2,14,3365
23,2,15,3366
23,2,16,3367
23,2,17,3368
23,2,18,3369
23,2,19,3370
23,2,20,3371
23,2,21,3372
23,2,22,3373
23,2,23,3374
23,2,24,3375
23,2,25,3376
23,2,26,3377
23,2,27,3378
23,2,28,3379
23,2,29,3380
23,2,30,3381
23,2,31,3382
23,2,32,3383
23,2,33,3384
23,2,34,3385
23,2,35,3386
23,2,36,3387
23,2,37,3388
23,2,38,3389
23,2,39,3390
23,2,40,3391
23,2,41,3392
23,2,42,3393
23,2,43,3394
23,2,44,3395
23,2,45,3396
23,2,46,3397
23,2,47,3398
23,2,48,3399
23,2,49,3400
23,3,0,3401
23,3,1,3402
23,3,2,3403
23,3,3,3404
23,3,4,3405
23,3,5,3406
23,3,6,3407
23,3,7,3408
23,3,8,3409
23,3,9,3410
23,3,10,3411
23,3,11,3412
23,3,12,3413
23,3,13,3414
23,3,14,3415
23,3,15,3416
23,3,16,3417
23,3,17,3418
23,3,18,3419
23,3,19,3420
23,3,20,3421
23,3,21,3422
23,3,22,3423
23,3,23,3424
23,3,24,3425
23,3,25,3426
23,3,26,3427
23,3,27,3428
23,3,28,3429
23,3,29,3430
23,3,30,3431
23,3,31,3432
23,3,32,3433
23,3,33,3434
23,3,34,3435
23,3,35,3436
23,3,36,3437
23,3,37,3438
23,3,38,3439
23,3,39,3440
23,3,40,3441
23,3,41,3442
23,3,42,3443
23,3,43,3444
23,3,44,3445
23,3,45,3446
23,3,46,3447
23,3,47,3448
23,3,48,3449
23,3,49,3450
24,1,0,3451
24,1,1,3452
24,1,2,3453
24,1,3,3454
24,1,4,3455
24,1,5,3456
24,1,6,3457
24,1,7,3458
24,1,8,3459
24,1,9,3460
24,1,10,3461
24,1,11,3462
24,1,12,3463
24,1,13,3464
24,1,14,3465
24,1,15,3466
24,1,16,3467
24,1,17,3468
24,1,18,3469
24,1,19,3470
24,1,20,3471
24,1,21,3472
24,1,22,3473
24,1,23,3474
24,1,24,3475
24,1,25,3476
24,1,26,3477
24,1,27,3478
24,1,28,3479
24,1,29,3480
24,1,30,3481
24,1,31,3482
24,1,32,3483
24,1,33,3484
24,1,34,3485
24,1,35,3486
24,1,36,3487
24,1,37,3488
24,1,38,3489
24,1,39,3490
24,1,40,3491
24,1,41,3492
24,1,42,3493
24,1,43,3494
24,1,44,3495
24,1,45,3496
24,1,46,3497
24,1,47,3498
24,1,48,3499
24,1,49,3500
24,2,0,3501
24,2,1,3502
24,2,2,3503
24,2,3,3504
24,2,4,3505
24,2,5,3506
24,2,6,3507
24,2,7,3508
24,2,8,3509
24,2,9,3510
24,2,10,3511
24,2,11,3512
24,2,12,3513
24,2,13,3514
24,2,14,3515
24,2,15,3516
24,2,16,3517
24,2,17,3518
24,2,18,3519
24,2,19,3520
24,2,20,3521
24,2,21,3522
24,2,22,3523
24,2,23,3524
24,2,24,3525
24,2,25,3526
24,2,26,3527
24,2,27,3528
24,2,28,3529
24,2,29,3530
24,2,30,3531
24,2,31,3532
24,2,32,3533
24,2,33,3534
24,2,34,3535
24,2,35,3536
24,2,36,3537
24,2,37,3538
24,2,38,3539
24,2,39,3540
24,2,40,3541
24,2,41,3542
24,2,42,3543
24,2,43,3544
24,2,44,3545
24,2,45,3546
24,2,46,3547
24,2,47,3548
24,2,48,3549
24,2,49,3550
24,3,0,3551
24,3,1,3552
24,3,2,3553
24,3,3,3554
24,3,4,3555
24,3,5,3556
24,3,6,3557
24,3,7,3558
24,3,8,3559
24,3,9,3560
24,3,10,3561
24,3,11,3562
24,3,12,3563
24,3,13,3564
24,3,14,3565
24,3,15,3566
24,3,16,3567
24,3,17,3568
24,3,18,3569
24,3,19,3570
24,3,20,3571
24,3,21,3572
24,3,22,3573
24,3,23,3574
24,3,24,3575
24,3,25,3576
24,3,26,3577
24,3,27,3578
24,3,28,3579
24,3,29,3580
24,3,30,3581
24,3,31,3582
24,3,32,3583
24,3,33,3584
24,3,34,3585
24,3,35,3586
24,3,36,3587
24,3,37,3588
24,3,38,3589
24,3,39,3590
24,3,40,3591
24,3,41,3592
24,3,42,3593
24,3,43,3594
24,3,44,3595
24,3,45,3596
24,3,46,3597
24,3,47,3598
24,3,48,3599
24,3,49,3600
25,1,0,3601
25,1,1,3602
25,1,2,3603
25,1,3,3604
25,1,4,3605
25,1,5,3606
25,1,6,3607
25,1,7,3608
25,1,8,3609
25,1,9,3610
25,1,10,3611
25,1,11,3612
25,1,12,3613
25,1,13,3614
25,1,14,3615
25,1,15,3616
25,1,16,3617
25,1,17,3618
25,1,18,3619
25,1,19,3620
25,1,20,3621
25,1,21,3622
25,1,22,3623
25,1,23,3624
25,1,24,3625
25,1,25,3626
25,1,26,3627
25,1,27,3628
25,1,28,3629
25,1,29,3630
25,1,30,3631
25,1,31,3632
25,1,32,3633
25,1,33,3634
25,1,34,3635
25,1,35,3636
25,1,36,3637
25,1,37,3638
25,1,38,3639
25,1,39,3640
25,1,40,3641
25,1,41,3642
25,1,42,3643
25,1,43,3644
25,1,44,3645
25,1,45,3646
25,1,46,3647
25,1,47,3648
25,1,48,3649
25,1,49,3650
25,2,0,3651
25,2,1,3652
25,2,2,3653
25,2,3,3654
25,2,4,3655
25,2,5,3656
25,2,6,3657
25,2,7,3658
25,2,8,3659
25,2,9,3660
25,2,10,3661
25,2,11,3662
25,2,12,3663
25,2,13,3664
25,2,14,3665
25,2,15,3666
25,2,16,3667
25,2,17,3668
25,2,18,3669
25,2,19,3670
25,2,20,3671
25,2,21,3672
25,2,22,3673
25,2,23,3674
25,2,24,3675
25,2,25,3676
25,2,26,3677
25,2,27,3678
25,2,28,3679
25,2,29,3680
25,2,30,3681
25,2,31,3682
25,2,32,3683
25,2,33,3684
25,2,34,3685
25,2,35,3686
25,2,36,3687
25,2,37,3688
25,2,38,3689
25,2,39,3690
25,2,40,3691
25,2,41,3692
25,2,42,3693
25,2,43,3694
25,2,44,3695
25,2,45,3696
25,2,46,3697
25,2,47,3698
25,2,48,3699
25,2,49,3700
25,3,0,3701
25,3,1,3702
25,3,2,3703
25,3,3,3704
25,3,4,3705
25,3,5,3706
25,3,6,3707
25,3,7,3708
25,3,8,3709
25,3,9,3710
25,3,10,3711
25,3,11,3712
25,3,12,3713
25,3,13,3714
25,3,14,3715
25,3,15,3716
25,3,16,3717
25,3,17,3718
25,3,18,3719
25,3,19,3720
25,3,20,3721
25,3,21,3722
25,3,22,3723
25,3,23,3724
25,3,24,3725
25,3,25,3726
25,3,26,3727
25,3,27,3728
25,3,28,3729
25,3,29,3730
25,3,30,3731
25,3,31,3732
25,3,32,3733
25,3,33,3734
25,3,34,3735
25,3,35,3736
25,3,36,3737
25,3,37,3738
25,3,38,3739
25,3,39,3740
25,3,40,3741
25,3,41,3742
25,3,42,3743
25,3,43,3744
25,3,44,3745
25,3,45,3746
25,3,46,3747
25,3,47,3748
25,3,48,3749
25,3,49,3750
